input,target
Analyze Trace: Add stored block -> Block size mismatch -> Expected size differs -> Rejecting block,Stored block size did not match the expected size recorded by NameNode. The inconsistent block was rejected to prevent data integrity issues.
Analyze Trace: Heartbeat -> Disk failure detected -> Removing failed volume -> Reporting to NameNode,DataNode detected a disk failure during heartbeat processing. The failed volume was removed from service and reported to NameNode.
Analyze Trace: Add stored block -> Replication check -> Under-replicated -> Scheduling replication,Block found to be under-replicated below the required factor. NameNode scheduled additional replication to restore redundancy.
Analyze Trace: Block report -> Unexpected block -> Invalidating block,DataNode reported a block not recognized by NameNode. The orphaned block was invalidated to maintain filesystem consistency.
Analyze Trace: Allocating block -> Disk full -> Allocation failed -> Retrying,"Disk space exhaustion on DataNode. Block allocation failed due to insufficient storage, triggering retry logic."
Analyze Trace: Delete block -> Block not found -> Ignoring delete request,NameNode requested deletion of a block that no longer exists on DataNode. Likely already removed in a previous cleanup.
Analyze Trace: Receive block -> Timeout waiting -> Connection timed out -> Retrying,DataNode timed out waiting for block data. Slow network or overloaded sender caused the connection to stall.
Analyze Trace: Block report -> Missing block -> Scheduling replication -> Replication complete,NameNode detected a missing block during block report reconciliation. Replication was triggered and completed successfully from an existing replica.
Analyze Trace: Receive block -> Pipeline setup -> Node failure in pipeline -> Rebuilding pipeline,A node in the write pipeline failed mid-transfer. HDFS detected the failure and rebuilt the pipeline with a replacement node.
Analyze Trace: Block report -> Missing block -> Scheduling replication -> Replication complete,NameNode detected a missing block during block report reconciliation. Replication was triggered and completed successfully from an existing replica.
Analyze Trace: Add stored block -> Replication check -> Under-replicated -> Scheduling replication,Block found to be under-replicated below the required factor. NameNode scheduled additional replication to restore redundancy.
Analyze Trace: Block report -> Missing block -> Scheduling replication -> Replication complete,NameNode detected a missing block during block report reconciliation. Replication was triggered and completed successfully from an existing replica.
Analyze Trace: Delete block -> Block not found -> Ignoring delete request,NameNode requested deletion of a block that no longer exists on DataNode. Likely already removed in a previous cleanup.
Analyze Trace: Add stored block -> Replication exceeds factor -> Scheduling excess deletion,Block detected with more replicas than required. NameNode scheduled deletion of excess copies to maintain the replication factor.
Analyze Trace: Add stored block -> Block size mismatch -> Expected size differs -> Rejecting block,Stored block size did not match the expected size recorded by NameNode. The inconsistent block was rejected to prevent data integrity issues.
Analyze Trace: Allocating block -> Disk full -> Allocation failed -> Retrying,"Disk space exhaustion on DataNode. Block allocation failed due to insufficient storage, triggering retry logic."
Analyze Trace: Receive block -> PacketResponder start -> IOException: Connection reset -> PacketResponder stop,Network interruption during block transmission. Connection reset by peer caused PacketResponder termination.
Analyze Trace: Heartbeat -> Delayed response -> Warning: slow DataNode,"DataNode heartbeat arrived late, indicating performance degradation. Possible causes include CPU overload, GC pause, or network congestion."
Analyze Trace: Receive block -> Checksum validation -> Mismatch detected -> Requesting retransmission,"Block data arrived with checksum mismatch. Corruption likely occurred during transfer, triggering retransmission from source."
Analyze Trace: Receive block -> PacketResponder start -> Out of memory -> PacketResponder stop,DataNode ran out of heap memory during block reception. JVM memory limits may need to be increased.
Analyze Trace: Heartbeat -> No response -> DataNode timeout -> Marking node dead,NameNode did not receive heartbeat from DataNode within the threshold. Node was declared dead and blocks scheduled for re-replication.
Analyze Trace: Heartbeat -> Disk failure detected -> Removing failed volume -> Reporting to NameNode,DataNode detected a disk failure during heartbeat processing. The failed volume was removed from service and reported to NameNode.
Analyze Trace: Allocating block -> Disk full -> Allocation failed -> Retrying,"Disk space exhaustion on DataNode. Block allocation failed due to insufficient storage, triggering retry logic."
Analyze Trace: Add stored block -> Verification failed -> Checksum error -> Removing block,Data corruption detected during block verification. Checksum mismatch caused the block to be removed from storage.
Analyze Trace: Add stored block -> Block size mismatch -> Expected size differs -> Rejecting block,Stored block size did not match the expected size recorded by NameNode. The inconsistent block was rejected to prevent data integrity issues.
Analyze Trace: Receive block -> Pipeline setup -> Node failure in pipeline -> Rebuilding pipeline,A node in the write pipeline failed mid-transfer. HDFS detected the failure and rebuilt the pipeline with a replacement node.
Analyze Trace: Allocating block -> Disk full -> Allocation failed -> Node marked unhealthy,DataNode ran out of disk space and could not allocate new blocks. Node was marked unhealthy by NameNode.
Analyze Trace: Block report -> Missing block -> Scheduling replication -> Replication complete,NameNode detected a missing block during block report reconciliation. Replication was triggered and completed successfully from an existing replica.
Analyze Trace: Receive block -> PacketResponder start -> IOException: Connection reset -> PacketResponder stop,Network interruption during block transmission. Connection reset by peer caused PacketResponder termination.
Analyze Trace: Receive block -> Pipeline setup -> Node failure in pipeline -> Rebuilding pipeline,A node in the write pipeline failed mid-transfer. HDFS detected the failure and rebuilt the pipeline with a replacement node.
Analyze Trace: Allocating block -> Disk full -> Allocation failed -> Retrying,"Disk space exhaustion on DataNode. Block allocation failed due to insufficient storage, triggering retry logic."
Analyze Trace: Receive block -> PacketResponder start -> Out of memory -> PacketResponder stop,DataNode ran out of heap memory during block reception. JVM memory limits may need to be increased.
Analyze Trace: Receive block -> PacketResponder start -> IOException: Broken pipe -> PacketResponder stop,Broken pipe error during block transfer. The receiving end closed the connection unexpectedly.
Analyze Trace: Add stored block -> Verification failed -> Checksum error -> Removing block,Data corruption detected during block verification. Checksum mismatch caused the block to be removed from storage.
Analyze Trace: Receive block -> PacketResponder start -> Out of memory -> PacketResponder stop,DataNode ran out of heap memory during block reception. JVM memory limits may need to be increased.
Analyze Trace: Heartbeat -> No response -> DataNode timeout -> Marking node dead,NameNode did not receive heartbeat from DataNode within the threshold. Node was declared dead and blocks scheduled for re-replication.
Analyze Trace: Add stored block -> Verification failed -> Checksum error -> Removing block,Data corruption detected during block verification. Checksum mismatch caused the block to be removed from storage.
Analyze Trace: Allocating block -> Disk full -> Allocation failed -> Node marked unhealthy,DataNode ran out of disk space and could not allocate new blocks. Node was marked unhealthy by NameNode.
Analyze Trace: Receive block -> PacketResponder start -> IOException: Broken pipe -> PacketResponder stop,Broken pipe error during block transfer. The receiving end closed the connection unexpectedly.
Analyze Trace: Add stored block -> Replication exceeds factor -> Scheduling excess deletion,Block detected with more replicas than required. NameNode scheduled deletion of excess copies to maintain the replication factor.
Analyze Trace: Receive block -> Timeout waiting -> Connection timed out -> Retrying,DataNode timed out waiting for block data. Slow network or overloaded sender caused the connection to stall.
Analyze Trace: Add stored block -> Replication check -> Under-replicated -> Scheduling replication,Block found to be under-replicated below the required factor. NameNode scheduled additional replication to restore redundancy.
Analyze Trace: Receive block -> Disk write error -> Block write failed -> Removing block,Disk I/O error occurred while writing block data. The failed block was removed and the DataNode may have a failing disk.
Analyze Trace: Receive block -> PacketResponder start -> Out of memory -> PacketResponder stop,DataNode ran out of heap memory during block reception. JVM memory limits may need to be increased.
Analyze Trace: Add stored block -> Verification failed -> Checksum error -> Removing block,Data corruption detected during block verification. Checksum mismatch caused the block to be removed from storage.
Analyze Trace: Receive block -> Checksum validation -> Mismatch detected -> Requesting retransmission,"Block data arrived with checksum mismatch. Corruption likely occurred during transfer, triggering retransmission from source."
Analyze Trace: Receive block -> PacketResponder start -> Out of memory -> PacketResponder stop,DataNode ran out of heap memory during block reception. JVM memory limits may need to be increased.
Analyze Trace: Receive block -> Pipeline setup -> Node failure in pipeline -> Rebuilding pipeline,A node in the write pipeline failed mid-transfer. HDFS detected the failure and rebuilt the pipeline with a replacement node.
Analyze Trace: Delete block -> Block not found -> Ignoring delete request,NameNode requested deletion of a block that no longer exists on DataNode. Likely already removed in a previous cleanup.
Analyze Trace: Add stored block -> Verification failed -> Checksum error -> Removing block,Data corruption detected during block verification. Checksum mismatch caused the block to be removed from storage.
Analyze Trace: Block report -> Unexpected block -> Invalidating block,DataNode reported a block not recognized by NameNode. The orphaned block was invalidated to maintain filesystem consistency.
Analyze Trace: Heartbeat -> Disk failure detected -> Removing failed volume -> Reporting to NameNode,DataNode detected a disk failure during heartbeat processing. The failed volume was removed from service and reported to NameNode.
Analyze Trace: Heartbeat -> Delayed response -> Warning: slow DataNode,"DataNode heartbeat arrived late, indicating performance degradation. Possible causes include CPU overload, GC pause, or network congestion."
Analyze Trace: Receive block -> Checksum validation -> Mismatch detected -> Requesting retransmission,"Block data arrived with checksum mismatch. Corruption likely occurred during transfer, triggering retransmission from source."
Analyze Trace: Heartbeat -> No response -> DataNode timeout -> Marking node dead,NameNode did not receive heartbeat from DataNode within the threshold. Node was declared dead and blocks scheduled for re-replication.
Analyze Trace: Receive block -> PacketResponder start -> Out of memory -> PacketResponder stop,DataNode ran out of heap memory during block reception. JVM memory limits may need to be increased.
Analyze Trace: Receive block -> PacketResponder start -> IOException: Broken pipe -> PacketResponder stop,Broken pipe error during block transfer. The receiving end closed the connection unexpectedly.
Analyze Trace: Add stored block -> Block size mismatch -> Expected size differs -> Rejecting block,Stored block size did not match the expected size recorded by NameNode. The inconsistent block was rejected to prevent data integrity issues.
Analyze Trace: Add stored block -> Replication exceeds factor -> Scheduling excess deletion,Block detected with more replicas than required. NameNode scheduled deletion of excess copies to maintain the replication factor.
Analyze Trace: Add stored block -> Verification failed -> Checksum error -> Removing block,Data corruption detected during block verification. Checksum mismatch caused the block to be removed from storage.
Analyze Trace: Add stored block -> Replication check -> Under-replicated -> Scheduling replication,Block found to be under-replicated below the required factor. NameNode scheduled additional replication to restore redundancy.
Analyze Trace: Add stored block -> Replication check -> Under-replicated -> Scheduling replication,Block found to be under-replicated below the required factor. NameNode scheduled additional replication to restore redundancy.
Analyze Trace: Heartbeat -> Disk failure detected -> Removing failed volume -> Reporting to NameNode,DataNode detected a disk failure during heartbeat processing. The failed volume was removed from service and reported to NameNode.
Analyze Trace: Block report -> Missing block -> Scheduling replication -> Replication complete,NameNode detected a missing block during block report reconciliation. Replication was triggered and completed successfully from an existing replica.
Analyze Trace: Receive block -> Pipeline setup -> Node failure in pipeline -> Rebuilding pipeline,A node in the write pipeline failed mid-transfer. HDFS detected the failure and rebuilt the pipeline with a replacement node.
Analyze Trace: Receive block -> Timeout waiting -> Connection timed out -> Retrying,DataNode timed out waiting for block data. Slow network or overloaded sender caused the connection to stall.
Analyze Trace: Block report -> Missing block -> Scheduling replication -> Replication complete,NameNode detected a missing block during block report reconciliation. Replication was triggered and completed successfully from an existing replica.
Analyze Trace: Receive block -> Disk write error -> Block write failed -> Removing block,Disk I/O error occurred while writing block data. The failed block was removed and the DataNode may have a failing disk.
Analyze Trace: Allocating block -> Node unavailable -> Falling back to alternate node,Preferred DataNode was unavailable for block allocation. NameNode rerouted the write pipeline to an alternate healthy node.
Analyze Trace: Receive block -> PacketResponder start -> IOException: Connection reset -> PacketResponder stop,Network interruption during block transmission. Connection reset by peer caused PacketResponder termination.
Analyze Trace: Block report -> Missing block -> Scheduling replication -> Replication complete,NameNode detected a missing block during block report reconciliation. Replication was triggered and completed successfully from an existing replica.
Analyze Trace: Heartbeat -> Delayed response -> Warning: slow DataNode,"DataNode heartbeat arrived late, indicating performance degradation. Possible causes include CPU overload, GC pause, or network congestion."
Analyze Trace: Receive block -> PacketResponder start -> IOException: Connection reset -> PacketResponder stop,Network interruption during block transmission. Connection reset by peer caused PacketResponder termination.
Analyze Trace: Receive block -> Pipeline setup -> Node failure in pipeline -> Rebuilding pipeline,A node in the write pipeline failed mid-transfer. HDFS detected the failure and rebuilt the pipeline with a replacement node.
Analyze Trace: Add stored block -> Replication exceeds factor -> Scheduling excess deletion,Block detected with more replicas than required. NameNode scheduled deletion of excess copies to maintain the replication factor.
Analyze Trace: Add stored block -> Block size mismatch -> Expected size differs -> Rejecting block,Stored block size did not match the expected size recorded by NameNode. The inconsistent block was rejected to prevent data integrity issues.
Analyze Trace: Delete block -> Block not found -> Ignoring delete request,NameNode requested deletion of a block that no longer exists on DataNode. Likely already removed in a previous cleanup.
Analyze Trace: Heartbeat -> No response -> DataNode timeout -> Marking node dead,NameNode did not receive heartbeat from DataNode within the threshold. Node was declared dead and blocks scheduled for re-replication.
Analyze Trace: Block report -> Unexpected block -> Invalidating block,DataNode reported a block not recognized by NameNode. The orphaned block was invalidated to maintain filesystem consistency.
Analyze Trace: Receive block -> PacketResponder start -> Out of memory -> PacketResponder stop,DataNode ran out of heap memory during block reception. JVM memory limits may need to be increased.
Analyze Trace: Receive block -> Checksum validation -> Mismatch detected -> Requesting retransmission,"Block data arrived with checksum mismatch. Corruption likely occurred during transfer, triggering retransmission from source."
Analyze Trace: Delete block -> Block not found -> Ignoring delete request,NameNode requested deletion of a block that no longer exists on DataNode. Likely already removed in a previous cleanup.
Analyze Trace: Receive block -> PacketResponder start -> IOException: Broken pipe -> PacketResponder stop,Broken pipe error during block transfer. The receiving end closed the connection unexpectedly.
Analyze Trace: Receive block -> Pipeline setup -> Node failure in pipeline -> Rebuilding pipeline,A node in the write pipeline failed mid-transfer. HDFS detected the failure and rebuilt the pipeline with a replacement node.
Analyze Trace: Receive block -> Pipeline setup -> Node failure in pipeline -> Rebuilding pipeline,A node in the write pipeline failed mid-transfer. HDFS detected the failure and rebuilt the pipeline with a replacement node.
Analyze Trace: Receive block -> PacketResponder start -> IOException: Connection reset -> PacketResponder stop,Network interruption during block transmission. Connection reset by peer caused PacketResponder termination.
Analyze Trace: Allocating block -> Disk full -> Allocation failed -> Node marked unhealthy,DataNode ran out of disk space and could not allocate new blocks. Node was marked unhealthy by NameNode.
Analyze Trace: Receive block -> Disk write error -> Block write failed -> Removing block,Disk I/O error occurred while writing block data. The failed block was removed and the DataNode may have a failing disk.
Analyze Trace: Block report -> Unexpected block -> Invalidating block,DataNode reported a block not recognized by NameNode. The orphaned block was invalidated to maintain filesystem consistency.
Analyze Trace: Receive block -> PacketResponder start -> IOException: Connection reset -> PacketResponder stop,Network interruption during block transmission. Connection reset by peer caused PacketResponder termination.
Analyze Trace: Receive block -> PacketResponder start -> IOException: Connection reset -> PacketResponder stop,Network interruption during block transmission. Connection reset by peer caused PacketResponder termination.
Analyze Trace: Allocating block -> Disk full -> Allocation failed -> Retrying,"Disk space exhaustion on DataNode. Block allocation failed due to insufficient storage, triggering retry logic."
Analyze Trace: Allocating block -> Node unavailable -> Falling back to alternate node,Preferred DataNode was unavailable for block allocation. NameNode rerouted the write pipeline to an alternate healthy node.
Analyze Trace: Add stored block -> Replication check -> Under-replicated -> Scheduling replication,Block found to be under-replicated below the required factor. NameNode scheduled additional replication to restore redundancy.
Analyze Trace: Heartbeat -> No response -> DataNode timeout -> Marking node dead,NameNode did not receive heartbeat from DataNode within the threshold. Node was declared dead and blocks scheduled for re-replication.
Analyze Trace: Receive block -> Timeout waiting -> Connection timed out -> Retrying,DataNode timed out waiting for block data. Slow network or overloaded sender caused the connection to stall.
Analyze Trace: Delete block -> Block not found -> Ignoring delete request,NameNode requested deletion of a block that no longer exists on DataNode. Likely already removed in a previous cleanup.
Analyze Trace: Heartbeat -> No response -> DataNode timeout -> Marking node dead,NameNode did not receive heartbeat from DataNode within the threshold. Node was declared dead and blocks scheduled for re-replication.
Analyze Trace: Add stored block -> Verification failed -> Checksum error -> Removing block,Data corruption detected during block verification. Checksum mismatch caused the block to be removed from storage.
Analyze Trace: Delete block -> Block not found -> Ignoring delete request,NameNode requested deletion of a block that no longer exists on DataNode. Likely already removed in a previous cleanup.
Analyze Trace: Allocating block -> Disk full -> Allocation failed -> Retrying,"Disk space exhaustion on DataNode. Block allocation failed due to insufficient storage, triggering retry logic."
Analyze Trace: Receive block -> Timeout waiting -> Connection timed out -> Retrying,DataNode timed out waiting for block data. Slow network or overloaded sender caused the connection to stall.
Analyze Trace: Allocating block -> Disk full -> Allocation failed -> Node marked unhealthy,DataNode ran out of disk space and could not allocate new blocks. Node was marked unhealthy by NameNode.
Analyze Trace: Allocating block -> Disk full -> Allocation failed -> Node marked unhealthy,DataNode ran out of disk space and could not allocate new blocks. Node was marked unhealthy by NameNode.
Analyze Trace: Add stored block -> Block size mismatch -> Expected size differs -> Rejecting block,Stored block size did not match the expected size recorded by NameNode. The inconsistent block was rejected to prevent data integrity issues.
Analyze Trace: Heartbeat -> Delayed response -> Warning: slow DataNode,"DataNode heartbeat arrived late, indicating performance degradation. Possible causes include CPU overload, GC pause, or network congestion."
Analyze Trace: Delete block -> Block not found -> Ignoring delete request,NameNode requested deletion of a block that no longer exists on DataNode. Likely already removed in a previous cleanup.
Analyze Trace: Heartbeat -> No response -> DataNode timeout -> Marking node dead,NameNode did not receive heartbeat from DataNode within the threshold. Node was declared dead and blocks scheduled for re-replication.
Analyze Trace: Allocating block -> Node unavailable -> Falling back to alternate node,Preferred DataNode was unavailable for block allocation. NameNode rerouted the write pipeline to an alternate healthy node.
Analyze Trace: Receive block -> PacketResponder start -> Out of memory -> PacketResponder stop,DataNode ran out of heap memory during block reception. JVM memory limits may need to be increased.
Analyze Trace: Receive block -> Disk write error -> Block write failed -> Removing block,Disk I/O error occurred while writing block data. The failed block was removed and the DataNode may have a failing disk.
Analyze Trace: Receive block -> PacketResponder start -> IOException: Connection reset -> PacketResponder stop,Network interruption during block transmission. Connection reset by peer caused PacketResponder termination.
Analyze Trace: Delete block -> Block not found -> Ignoring delete request,NameNode requested deletion of a block that no longer exists on DataNode. Likely already removed in a previous cleanup.
Analyze Trace: Receive block -> Checksum validation -> Mismatch detected -> Requesting retransmission,"Block data arrived with checksum mismatch. Corruption likely occurred during transfer, triggering retransmission from source."
Analyze Trace: Receive block -> Timeout waiting -> Connection timed out -> Retrying,DataNode timed out waiting for block data. Slow network or overloaded sender caused the connection to stall.
Analyze Trace: Heartbeat -> Disk failure detected -> Removing failed volume -> Reporting to NameNode,DataNode detected a disk failure during heartbeat processing. The failed volume was removed from service and reported to NameNode.
Analyze Trace: Delete block -> Block not found -> Ignoring delete request,NameNode requested deletion of a block that no longer exists on DataNode. Likely already removed in a previous cleanup.
Analyze Trace: Receive block -> PacketResponder start -> IOException: Connection reset -> PacketResponder stop,Network interruption during block transmission. Connection reset by peer caused PacketResponder termination.
Analyze Trace: Receive block -> Disk write error -> Block write failed -> Removing block,Disk I/O error occurred while writing block data. The failed block was removed and the DataNode may have a failing disk.
Analyze Trace: Receive block -> Timeout waiting -> Connection timed out -> Retrying,DataNode timed out waiting for block data. Slow network or overloaded sender caused the connection to stall.
Analyze Trace: Allocating block -> Node unavailable -> Falling back to alternate node,Preferred DataNode was unavailable for block allocation. NameNode rerouted the write pipeline to an alternate healthy node.
Analyze Trace: Receive block -> Timeout waiting -> Connection timed out -> Retrying,DataNode timed out waiting for block data. Slow network or overloaded sender caused the connection to stall.
Analyze Trace: Allocating block -> Disk full -> Allocation failed -> Node marked unhealthy,DataNode ran out of disk space and could not allocate new blocks. Node was marked unhealthy by NameNode.
Analyze Trace: Delete block -> Block not found -> Ignoring delete request,NameNode requested deletion of a block that no longer exists on DataNode. Likely already removed in a previous cleanup.
Analyze Trace: Add stored block -> Replication check -> Under-replicated -> Scheduling replication,Block found to be under-replicated below the required factor. NameNode scheduled additional replication to restore redundancy.
Analyze Trace: Heartbeat -> No response -> DataNode timeout -> Marking node dead,NameNode did not receive heartbeat from DataNode within the threshold. Node was declared dead and blocks scheduled for re-replication.
Analyze Trace: Add stored block -> Verification failed -> Checksum error -> Removing block,Data corruption detected during block verification. Checksum mismatch caused the block to be removed from storage.
Analyze Trace: Receive block -> Checksum validation -> Mismatch detected -> Requesting retransmission,"Block data arrived with checksum mismatch. Corruption likely occurred during transfer, triggering retransmission from source."
Analyze Trace: Receive block -> Timeout waiting -> Connection timed out -> Retrying,DataNode timed out waiting for block data. Slow network or overloaded sender caused the connection to stall.
Analyze Trace: Delete block -> Block not found -> Ignoring delete request,NameNode requested deletion of a block that no longer exists on DataNode. Likely already removed in a previous cleanup.
Analyze Trace: Add stored block -> Replication check -> Under-replicated -> Scheduling replication,Block found to be under-replicated below the required factor. NameNode scheduled additional replication to restore redundancy.
Analyze Trace: Allocating block -> Node unavailable -> Falling back to alternate node,Preferred DataNode was unavailable for block allocation. NameNode rerouted the write pipeline to an alternate healthy node.
Analyze Trace: Delete block -> Block not found -> Ignoring delete request,NameNode requested deletion of a block that no longer exists on DataNode. Likely already removed in a previous cleanup.
Analyze Trace: Receive block -> PacketResponder start -> Out of memory -> PacketResponder stop,DataNode ran out of heap memory during block reception. JVM memory limits may need to be increased.
Analyze Trace: Add stored block -> Replication exceeds factor -> Scheduling excess deletion,Block detected with more replicas than required. NameNode scheduled deletion of excess copies to maintain the replication factor.
Analyze Trace: Block report -> Unexpected block -> Invalidating block,DataNode reported a block not recognized by NameNode. The orphaned block was invalidated to maintain filesystem consistency.
Analyze Trace: Add stored block -> Block size mismatch -> Expected size differs -> Rejecting block,Stored block size did not match the expected size recorded by NameNode. The inconsistent block was rejected to prevent data integrity issues.
Analyze Trace: Add stored block -> Replication exceeds factor -> Scheduling excess deletion,Block detected with more replicas than required. NameNode scheduled deletion of excess copies to maintain the replication factor.
Analyze Trace: Heartbeat -> Disk failure detected -> Removing failed volume -> Reporting to NameNode,DataNode detected a disk failure during heartbeat processing. The failed volume was removed from service and reported to NameNode.
Analyze Trace: Add stored block -> Replication exceeds factor -> Scheduling excess deletion,Block detected with more replicas than required. NameNode scheduled deletion of excess copies to maintain the replication factor.
Analyze Trace: Receive block -> PacketResponder start -> IOException: Connection reset -> PacketResponder stop,Network interruption during block transmission. Connection reset by peer caused PacketResponder termination.
Analyze Trace: Receive block -> PacketResponder start -> IOException: Broken pipe -> PacketResponder stop,Broken pipe error during block transfer. The receiving end closed the connection unexpectedly.
Analyze Trace: Receive block -> PacketResponder start -> Out of memory -> PacketResponder stop,DataNode ran out of heap memory during block reception. JVM memory limits may need to be increased.
Analyze Trace: Heartbeat -> Delayed response -> Warning: slow DataNode,"DataNode heartbeat arrived late, indicating performance degradation. Possible causes include CPU overload, GC pause, or network congestion."
Analyze Trace: Receive block -> Timeout waiting -> Connection timed out -> Retrying,DataNode timed out waiting for block data. Slow network or overloaded sender caused the connection to stall.
Analyze Trace: Allocating block -> Disk full -> Allocation failed -> Retrying,"Disk space exhaustion on DataNode. Block allocation failed due to insufficient storage, triggering retry logic."
Analyze Trace: Heartbeat -> No response -> DataNode timeout -> Marking node dead,NameNode did not receive heartbeat from DataNode within the threshold. Node was declared dead and blocks scheduled for re-replication.
Analyze Trace: Receive block -> Pipeline setup -> Node failure in pipeline -> Rebuilding pipeline,A node in the write pipeline failed mid-transfer. HDFS detected the failure and rebuilt the pipeline with a replacement node.
Analyze Trace: Add stored block -> Replication check -> Under-replicated -> Scheduling replication,Block found to be under-replicated below the required factor. NameNode scheduled additional replication to restore redundancy.
Analyze Trace: Receive block -> PacketResponder start -> Out of memory -> PacketResponder stop,DataNode ran out of heap memory during block reception. JVM memory limits may need to be increased.
Analyze Trace: Add stored block -> Verification failed -> Checksum error -> Removing block,Data corruption detected during block verification. Checksum mismatch caused the block to be removed from storage.
Analyze Trace: Add stored block -> Replication check -> Under-replicated -> Scheduling replication,Block found to be under-replicated below the required factor. NameNode scheduled additional replication to restore redundancy.
Analyze Trace: Receive block -> Checksum validation -> Mismatch detected -> Requesting retransmission,"Block data arrived with checksum mismatch. Corruption likely occurred during transfer, triggering retransmission from source."
Analyze Trace: Receive block -> Disk write error -> Block write failed -> Removing block,Disk I/O error occurred while writing block data. The failed block was removed and the DataNode may have a failing disk.
Analyze Trace: Add stored block -> Replication exceeds factor -> Scheduling excess deletion,Block detected with more replicas than required. NameNode scheduled deletion of excess copies to maintain the replication factor.
Analyze Trace: Block report -> Missing block -> Scheduling replication -> Replication complete,NameNode detected a missing block during block report reconciliation. Replication was triggered and completed successfully from an existing replica.
Analyze Trace: Heartbeat -> No response -> DataNode timeout -> Marking node dead,NameNode did not receive heartbeat from DataNode within the threshold. Node was declared dead and blocks scheduled for re-replication.
Analyze Trace: Allocating block -> Node unavailable -> Falling back to alternate node,Preferred DataNode was unavailable for block allocation. NameNode rerouted the write pipeline to an alternate healthy node.
Analyze Trace: Receive block -> PacketResponder start -> Out of memory -> PacketResponder stop,DataNode ran out of heap memory during block reception. JVM memory limits may need to be increased.
Analyze Trace: Receive block -> PacketResponder start -> IOException: Connection reset -> PacketResponder stop,Network interruption during block transmission. Connection reset by peer caused PacketResponder termination.
Analyze Trace: Allocating block -> Node unavailable -> Falling back to alternate node,Preferred DataNode was unavailable for block allocation. NameNode rerouted the write pipeline to an alternate healthy node.
Analyze Trace: Receive block -> Checksum validation -> Mismatch detected -> Requesting retransmission,"Block data arrived with checksum mismatch. Corruption likely occurred during transfer, triggering retransmission from source."
Analyze Trace: Add stored block -> Block size mismatch -> Expected size differs -> Rejecting block,Stored block size did not match the expected size recorded by NameNode. The inconsistent block was rejected to prevent data integrity issues.
Analyze Trace: Add stored block -> Replication exceeds factor -> Scheduling excess deletion,Block detected with more replicas than required. NameNode scheduled deletion of excess copies to maintain the replication factor.
Analyze Trace: Allocating block -> Disk full -> Allocation failed -> Retrying,"Disk space exhaustion on DataNode. Block allocation failed due to insufficient storage, triggering retry logic."
Analyze Trace: Heartbeat -> No response -> DataNode timeout -> Marking node dead,NameNode did not receive heartbeat from DataNode within the threshold. Node was declared dead and blocks scheduled for re-replication.
Analyze Trace: Heartbeat -> Disk failure detected -> Removing failed volume -> Reporting to NameNode,DataNode detected a disk failure during heartbeat processing. The failed volume was removed from service and reported to NameNode.
Analyze Trace: Heartbeat -> Disk failure detected -> Removing failed volume -> Reporting to NameNode,DataNode detected a disk failure during heartbeat processing. The failed volume was removed from service and reported to NameNode.
Analyze Trace: Receive block -> PacketResponder start -> Out of memory -> PacketResponder stop,DataNode ran out of heap memory during block reception. JVM memory limits may need to be increased.
Analyze Trace: Receive block -> PacketResponder start -> IOException: Broken pipe -> PacketResponder stop,Broken pipe error during block transfer. The receiving end closed the connection unexpectedly.
Analyze Trace: Add stored block -> Verification failed -> Checksum error -> Removing block,Data corruption detected during block verification. Checksum mismatch caused the block to be removed from storage.
Analyze Trace: Receive block -> PacketResponder start -> IOException: Broken pipe -> PacketResponder stop,Broken pipe error during block transfer. The receiving end closed the connection unexpectedly.
Analyze Trace: Receive block -> Disk write error -> Block write failed -> Removing block,Disk I/O error occurred while writing block data. The failed block was removed and the DataNode may have a failing disk.
Analyze Trace: Receive block -> Checksum validation -> Mismatch detected -> Requesting retransmission,"Block data arrived with checksum mismatch. Corruption likely occurred during transfer, triggering retransmission from source."
Analyze Trace: Allocating block -> Disk full -> Allocation failed -> Node marked unhealthy,DataNode ran out of disk space and could not allocate new blocks. Node was marked unhealthy by NameNode.
Analyze Trace: Receive block -> Disk write error -> Block write failed -> Removing block,Disk I/O error occurred while writing block data. The failed block was removed and the DataNode may have a failing disk.
Analyze Trace: Block report -> Unexpected block -> Invalidating block,DataNode reported a block not recognized by NameNode. The orphaned block was invalidated to maintain filesystem consistency.
Analyze Trace: Block report -> Unexpected block -> Invalidating block,DataNode reported a block not recognized by NameNode. The orphaned block was invalidated to maintain filesystem consistency.
Analyze Trace: Add stored block -> Replication exceeds factor -> Scheduling excess deletion,Block detected with more replicas than required. NameNode scheduled deletion of excess copies to maintain the replication factor.
Analyze Trace: Heartbeat -> Disk failure detected -> Removing failed volume -> Reporting to NameNode,DataNode detected a disk failure during heartbeat processing. The failed volume was removed from service and reported to NameNode.
Analyze Trace: Block report -> Missing block -> Scheduling replication -> Replication complete,NameNode detected a missing block during block report reconciliation. Replication was triggered and completed successfully from an existing replica.
Analyze Trace: Receive block -> Timeout waiting -> Connection timed out -> Retrying,DataNode timed out waiting for block data. Slow network or overloaded sender caused the connection to stall.
Analyze Trace: Receive block -> Pipeline setup -> Node failure in pipeline -> Rebuilding pipeline,A node in the write pipeline failed mid-transfer. HDFS detected the failure and rebuilt the pipeline with a replacement node.
Analyze Trace: Heartbeat -> Disk failure detected -> Removing failed volume -> Reporting to NameNode,DataNode detected a disk failure during heartbeat processing. The failed volume was removed from service and reported to NameNode.
Analyze Trace: Add stored block -> Replication exceeds factor -> Scheduling excess deletion,Block detected with more replicas than required. NameNode scheduled deletion of excess copies to maintain the replication factor.
Analyze Trace: Receive block -> PacketResponder start -> IOException: Broken pipe -> PacketResponder stop,Broken pipe error during block transfer. The receiving end closed the connection unexpectedly.
Analyze Trace: Add stored block -> Verification failed -> Checksum error -> Removing block,Data corruption detected during block verification. Checksum mismatch caused the block to be removed from storage.
Analyze Trace: Receive block -> Timeout waiting -> Connection timed out -> Retrying,DataNode timed out waiting for block data. Slow network or overloaded sender caused the connection to stall.
Analyze Trace: Add stored block -> Verification failed -> Checksum error -> Removing block,Data corruption detected during block verification. Checksum mismatch caused the block to be removed from storage.
Analyze Trace: Allocating block -> Disk full -> Allocation failed -> Node marked unhealthy,DataNode ran out of disk space and could not allocate new blocks. Node was marked unhealthy by NameNode.
Analyze Trace: Heartbeat -> Disk failure detected -> Removing failed volume -> Reporting to NameNode,DataNode detected a disk failure during heartbeat processing. The failed volume was removed from service and reported to NameNode.
Analyze Trace: Receive block -> Checksum validation -> Mismatch detected -> Requesting retransmission,"Block data arrived with checksum mismatch. Corruption likely occurred during transfer, triggering retransmission from source."
Analyze Trace: Allocating block -> Node unavailable -> Falling back to alternate node,Preferred DataNode was unavailable for block allocation. NameNode rerouted the write pipeline to an alternate healthy node.
Analyze Trace: Add stored block -> Replication exceeds factor -> Scheduling excess deletion,Block detected with more replicas than required. NameNode scheduled deletion of excess copies to maintain the replication factor.
Analyze Trace: Block report -> Missing block -> Scheduling replication -> Replication complete,NameNode detected a missing block during block report reconciliation. Replication was triggered and completed successfully from an existing replica.
Analyze Trace: Receive block -> Checksum validation -> Mismatch detected -> Requesting retransmission,"Block data arrived with checksum mismatch. Corruption likely occurred during transfer, triggering retransmission from source."
Analyze Trace: Add stored block -> Block size mismatch -> Expected size differs -> Rejecting block,Stored block size did not match the expected size recorded by NameNode. The inconsistent block was rejected to prevent data integrity issues.
Analyze Trace: Receive block -> Timeout waiting -> Connection timed out -> Retrying,DataNode timed out waiting for block data. Slow network or overloaded sender caused the connection to stall.
Analyze Trace: Heartbeat -> Delayed response -> Warning: slow DataNode,"DataNode heartbeat arrived late, indicating performance degradation. Possible causes include CPU overload, GC pause, or network congestion."
Analyze Trace: Add stored block -> Replication check -> Under-replicated -> Scheduling replication,Block found to be under-replicated below the required factor. NameNode scheduled additional replication to restore redundancy.
Analyze Trace: Heartbeat -> No response -> DataNode timeout -> Marking node dead,NameNode did not receive heartbeat from DataNode within the threshold. Node was declared dead and blocks scheduled for re-replication.
Analyze Trace: Receive block -> PacketResponder start -> IOException: Connection reset -> PacketResponder stop,Network interruption during block transmission. Connection reset by peer caused PacketResponder termination.
Analyze Trace: Delete block -> Block not found -> Ignoring delete request,NameNode requested deletion of a block that no longer exists on DataNode. Likely already removed in a previous cleanup.
Analyze Trace: Heartbeat -> Disk failure detected -> Removing failed volume -> Reporting to NameNode,DataNode detected a disk failure during heartbeat processing. The failed volume was removed from service and reported to NameNode.
Analyze Trace: Receive block -> PacketResponder start -> IOException: Broken pipe -> PacketResponder stop,Broken pipe error during block transfer. The receiving end closed the connection unexpectedly.
Analyze Trace: Heartbeat -> No response -> DataNode timeout -> Marking node dead,NameNode did not receive heartbeat from DataNode within the threshold. Node was declared dead and blocks scheduled for re-replication.
Analyze Trace: Add stored block -> Verification failed -> Checksum error -> Removing block,Data corruption detected during block verification. Checksum mismatch caused the block to be removed from storage.
Analyze Trace: Block report -> Unexpected block -> Invalidating block,DataNode reported a block not recognized by NameNode. The orphaned block was invalidated to maintain filesystem consistency.
Analyze Trace: Block report -> Unexpected block -> Invalidating block,DataNode reported a block not recognized by NameNode. The orphaned block was invalidated to maintain filesystem consistency.
Analyze Trace: Heartbeat -> No response -> DataNode timeout -> Marking node dead,NameNode did not receive heartbeat from DataNode within the threshold. Node was declared dead and blocks scheduled for re-replication.
Analyze Trace: Allocating block -> Disk full -> Allocation failed -> Node marked unhealthy,DataNode ran out of disk space and could not allocate new blocks. Node was marked unhealthy by NameNode.
Analyze Trace: Add stored block -> Replication check -> Under-replicated -> Scheduling replication,Block found to be under-replicated below the required factor. NameNode scheduled additional replication to restore redundancy.
Analyze Trace: Block report -> Missing block -> Scheduling replication -> Replication complete,NameNode detected a missing block during block report reconciliation. Replication was triggered and completed successfully from an existing replica.
Analyze Trace: Receive block -> PacketResponder start -> IOException: Broken pipe -> PacketResponder stop,Broken pipe error during block transfer. The receiving end closed the connection unexpectedly.
Analyze Trace: Receive block -> PacketResponder start -> IOException: Connection reset -> PacketResponder stop,Network interruption during block transmission. Connection reset by peer caused PacketResponder termination.
Analyze Trace: Heartbeat -> Disk failure detected -> Removing failed volume -> Reporting to NameNode,DataNode detected a disk failure during heartbeat processing. The failed volume was removed from service and reported to NameNode.
Analyze Trace: Add stored block -> Replication exceeds factor -> Scheduling excess deletion,Block detected with more replicas than required. NameNode scheduled deletion of excess copies to maintain the replication factor.
Analyze Trace: Allocating block -> Node unavailable -> Falling back to alternate node,Preferred DataNode was unavailable for block allocation. NameNode rerouted the write pipeline to an alternate healthy node.
Analyze Trace: Receive block -> PacketResponder start -> IOException: Connection reset -> PacketResponder stop,Network interruption during block transmission. Connection reset by peer caused PacketResponder termination.
Analyze Trace: Allocating block -> Disk full -> Allocation failed -> Retrying,"Disk space exhaustion on DataNode. Block allocation failed due to insufficient storage, triggering retry logic."
Analyze Trace: Add stored block -> Replication exceeds factor -> Scheduling excess deletion,Block detected with more replicas than required. NameNode scheduled deletion of excess copies to maintain the replication factor.
Analyze Trace: Heartbeat -> Disk failure detected -> Removing failed volume -> Reporting to NameNode,DataNode detected a disk failure during heartbeat processing. The failed volume was removed from service and reported to NameNode.
Analyze Trace: Heartbeat -> Disk failure detected -> Removing failed volume -> Reporting to NameNode,DataNode detected a disk failure during heartbeat processing. The failed volume was removed from service and reported to NameNode.
Analyze Trace: Receive block -> Pipeline setup -> Node failure in pipeline -> Rebuilding pipeline,A node in the write pipeline failed mid-transfer. HDFS detected the failure and rebuilt the pipeline with a replacement node.
Analyze Trace: Heartbeat -> Delayed response -> Warning: slow DataNode,"DataNode heartbeat arrived late, indicating performance degradation. Possible causes include CPU overload, GC pause, or network congestion."
Analyze Trace: Receive block -> PacketResponder start -> IOException: Broken pipe -> PacketResponder stop,Broken pipe error during block transfer. The receiving end closed the connection unexpectedly.
Analyze Trace: Add stored block -> Block size mismatch -> Expected size differs -> Rejecting block,Stored block size did not match the expected size recorded by NameNode. The inconsistent block was rejected to prevent data integrity issues.
Analyze Trace: Add stored block -> Replication check -> Under-replicated -> Scheduling replication,Block found to be under-replicated below the required factor. NameNode scheduled additional replication to restore redundancy.
Analyze Trace: Heartbeat -> Delayed response -> Warning: slow DataNode,"DataNode heartbeat arrived late, indicating performance degradation. Possible causes include CPU overload, GC pause, or network congestion."
Analyze Trace: Receive block -> Timeout waiting -> Connection timed out -> Retrying,DataNode timed out waiting for block data. Slow network or overloaded sender caused the connection to stall.
Analyze Trace: Add stored block -> Verification failed -> Checksum error -> Removing block,Data corruption detected during block verification. Checksum mismatch caused the block to be removed from storage.
Analyze Trace: Heartbeat -> No response -> DataNode timeout -> Marking node dead,NameNode did not receive heartbeat from DataNode within the threshold. Node was declared dead and blocks scheduled for re-replication.
